index,pericenter,apocenter
1,26.973778970846745,465.01126088129126
2,28.533553333991225,523.1393535829006
3,26.753833616228274,494.2036427007474
4,28.273648093624086,486.7371426729879
5,30.624057310090212,521.2643149302677
6,26.789810735613155,466.3957274118598
7,24.875225422341355,428.7307249660808
8,30.280182220434018,495.76470207925007
9,28.325135564279467,458.23589888610127
10,29.736627463588032,540.4055198483427
11,27.103173517927083,459.91026483434297
