{"surface_dens_mean":[9.144457217143072e-5,0.00011539524884882662,0.00014561895955857344,0.00012633410903993848,9.420442194931271e-5,8.687234356285917e-5,9.808596152150258e-5,9.829279770203703e-5,9.762181153086152e-5,9.130582435087227e-5,9.144457217143066e-5,8.74119010029861e-5,8.536911504121363e-5,7.947563950512489e-5,7.536353755945018e-5,6.954359713637303e-5,6.159221407306115e-5,5.2950694169486256e-5,4.302250658760082e-5,3.326865393609957e-5,2.4223667168211985e-5,1.6784238945061813e-5,1.147295377622109e-5,7.659292483521344e-6,5.037037976689787e-6,3.248111203529217e-6,2.0635555375391403e-6,1.3021975458525413e-6,8.218608038998163e-7],"log_Sigma_err":[0.3070925731856877,0.3070925731856877,0.21714724095162585,0.2507400360344115,0.30709257318568767,0.1772999797948916,0.11213435305073818,0.09711119837887232,0.07800159159079527,0.06782540300629399,0.05048570804072337,0.04279230683644667,0.033707789044056836,0.02908250957673322,0.0232806278929681,0.019802123881322818,0.017526698898709246,0.015610392790192712,0.01501141330072163,0.01494018436598036,0.016333325025277283,0.019045072904701924,0.019720296573103625,0.022700936225103427,0.02586186004535875,0.03511062787274519,0.06204206884332168,0.4342944819032517,0.30709257318568767],"surface_dens_err":[0.00017521301702656673,0.00011055193994144551,9.864642838743469e-5,5.390288341352504e-5,2.7769391791597877e-5,3.0347784763744422e-5,3.0275895640942996e-5,2.2058011961186894e-5,1.7327352755018506e-5,1.2573126886237526e-5,1.065779174789703e-5,7.933594194172472e-6,6.3548516119126465e-6,4.647333096824209e-6,3.6630343564140403e-6,2.717214404716754e-6,1.9370264705002855e-6,1.3722140142124623e-6,9.003556599708165e-7,5.707944274437159e-7,3.2942843034743685e-7,1.782596468764706e-7,1.086231115980235e-7,5.953768071697374e-8,3.297432576824169e-8,1.53248801044893e-8,5.472041848414674e-9,4.932321419371726e-10,4.40115200092889e-10],"M_in":[0.00027948574622694243,0.0005589714924538849,0.0011179429849077697,0.0015371716042481835,0.001816657350475126,0.0026551145891559533,0.0047512576858580215,0.007546115148127445,0.011878144214645054,0.01760760201229737,0.027948574622694244,0.042342090553381784,0.065539407490218,0.09670206819452208,0.14533258803801008,0.21254891000558973,0.29835103409726105,0.4065120178870878,0.5234768026830632,0.6415595304639463,0.7403577417551704,0.8130240357741755,0.880799329234209,0.9319452207937394,0.9713527110117383,0.9927333705980994,0.9995807713806595,0.999720514253773,0.9999999999999999],"log_r":[-0.055974070654064206,0.0440259293459358,0.1440259293459358,0.2440259293459358,0.3440259293459358,0.4440259293459358,0.5440259293459359,0.6440259293459358,0.7440259293459359,0.8440259293459358,0.9440259293459359,1.044025929345936,1.1440259293459358,1.244025929345936,1.344025929345936,1.4440259293459359,1.544025929345936,1.6440259293459358,1.744025929345936,1.844025929345936,1.9440259293459359,2.0440259293459357,2.1440259293459363,2.244025929345936,2.344025929345936,2.444025929345936,2.5440259293459357,2.6440259293459363,2.744025929345936],"surface_dens":[0.00024778862498327865,0.0001563440528118481,0.0001972928567748694,9.336253274668709e-5,3.927185049052982e-5,7.43365874949836e-5,0.00011725803960888594,9.86464283874347e-5,9.647461717157665e-5,8.050729350558611e-5,9.168179124381303e-5,8.051718719810161e-5,8.187653556157083e-5,6.939948267503734e-5,6.833301985352198e-5,5.9593164308478434e-5,4.7997624213237266e-5,3.8176167785937286e-5,2.604814663632564e-5,1.659235683224886e-5,8.759327893158897e-6,4.064945373108042e-6,2.3921758883952878e-6,1.1390228995095788e-6,5.537330919164719e-7,1.8955829811220802e-7,3.830429293890272e-8,4.932321419371727e-10,6.224168849779121e-10],"Gamma_max_err":[0.0,1.3548569319059782,0.958028524088317,0.7277295700886884,0.5423126575326245,0.5779234660026608,0.46148488742254257,0.35613712269082876,0.2829454843664245,0.2262033344473731,0.1850161195167902,0.14747659314940745,0.11966565524747225,0.09627934791334176,0.07929505218344692,0.06461730125925895,0.05308910483919091,0.044402484071672056,0.03688385950392279,0.030995934240660848,0.025319134237884094,0.020269848486513045,0.018192408365290028,0.015113900164200883,0.012824410443524881,0.009334012099305745,0.005285311736761,0.0007574851754718356,0.0010708715897979925],"Gamma_err":[4.567402949287635,1.8886711960959113,2.0214060991686806,2.25216093236746,1.5453982595563425,1.837732040701454,1.0338431450304544,0.6992093539783152,0.612460055296829,0.46621540022550095,0.40098214341066724,0.3157001408546151,0.2827334035931332,0.24743939140027868,0.21124962396955457,0.30785689842204755,0.3643985616412875,0.4832189002182934,0.6487857876162937,0.8440149061149244,1.0866077161331225,1.0046421351956134,0.9879037533943265,1.1351110771078967,1.3925000399874148,2.078060590233186,5.061924479061723,3.5294988188558887,5.366759502058528],"log_r_bins":[-0.10597407065406421,-0.005974070654064204,0.0940259293459358,0.19402592934593582,0.2940259293459358,0.3940259293459358,0.49402592934593587,0.5940259293459359,0.6940259293459359,0.7940259293459359,0.8940259293459358,0.9940259293459359,1.094025929345936,1.1940259293459359,1.294025929345936,1.3940259293459358,1.494025929345936,1.594025929345936,1.6940259293459359,1.794025929345936,1.8940259293459358,1.994025929345936,2.094025929345936,2.194025929345936,2.294025929345936,2.394025929345936,2.494025929345936,2.594025929345936,2.694025929345936,2.794025929345936],"Gamma":[-1.9999999999999973,-0.4948500216800933,-1.119543704721595,-3.5051499783199085,-0.4948500216800955,2.3753063169585,0.6143937264016897,-0.4236478261070407,-0.4412306947212309,-0.11064987051648603,0.000266839927185458,-0.2456181584546036,-0.3226618082850586,-0.39264422046736824,-0.3307989333716455,-0.7670543640270691,-0.9670205784546895,-1.3272145657395387,-1.8094212586660003,-2.366530220981802,-3.054266826574476,-2.8183883759731763,-2.7626112912019414,-3.177463151414508,-3.893948272884052,-5.800265141454254,-12.923457154087988,-8.945830421822652,1.0102999566398232],"Gamma_max":[-3.4194277276239085,-0.7097138638119564,-0.7097138638119547,0.5219742561025695,1.1662418880578602,0.28860177022402844,-0.39092399748113627,-0.00719545467552285,0.02350282874892584,0.23653542196364818,-0.005188259220845648,0.1577522906096951,0.08182302177916911,0.2535659201443179,0.18657610652584355,0.2861638810078253,0.44143858325008023,0.5580484492330997,0.7890920960968475,1.0025231039333025,1.2767958845922793,1.5156235100783033,1.582988664461749,1.7025775156229794,1.7801354309897932,1.8832809062040459,1.9628754426599229,1.9992424618776037,1.998485347197422],"log_r_units":"log arcmin","log_Sigma":[-3.6059186342811116,-3.8059186342811113,-3.7048886386171302,-4.02982737522543,-4.405918634281112,-4.128797379561449,-3.9308573708894117,-4.0059186342811115,-4.01558693611082,-4.094164773225358,-4.037716910214117,-4.094111405239921,-4.086840541905038,-4.158643766896932,-4.1653693859985115,-4.224803553571261,-4.318780258803925,-4.418207669262199,-4.584223171951833,-4.7800919209954,-5.057529216148193,-5.390945286310294,-5.62120689134283,-5.943467544550683,-6.25669952162573,-6.722257199127494,-7.41675254991658,-9.306948629945094,-9.205918634281112],"counts":[2.0,2.0,4.0,3.0,2.0,6.0,15.0,20.0,31.0,41.0,74.0,103.0,166.0,223.0,348.0,481.0,614.0,774.0,837.0,845.0,707.0,520.0,485.0,366.0,282.0,153.0,49.0,1.0,2.0]}