{
    "filename": "../data/Sculptor.GAIASOURCE.RUWE.VELS.PROB.fits",
    "ra": 15.03917,
    "dec": -33.70917,
    "ecc": 0.37,
    "rh": 12.33,
    "PA": 94,
    "dist": 86,
    "dist_err": 3,

    "pmra": 0.099,
    "pmdec": -0.160,

    "dpm": 2,
    "n_sigma_dist": 3,
    "cmd_cut": [1.63,20.99, 1.26,19.88, 1.32,18.24, 1.69,16.24, 1.50,15.99, 1.19,17.31, 0.85,18.83, 0.67,19.29, -0.07,19.67, -0.18,20.08, 0.26,20.31, 0.58,20.11, 0.30,20.86]


}
