{"surface_dens_mean":[0.59537608988508,0.37565691664089107,0.23702349055935393,0.14955171218275604,0.09436075118129797,0.059537608988507996,0.037565691664089094,0.0237123702484376,0.018912902869103885,0.011933234970701617,0.01220462743583504,0.013487714253209982,0.015550883996973538,0.015707773978706298,0.020237066197192528,0.01877877798863312,0.016384571742847024,0.01791122900675435,0.01726729147633429,0.01694051326194374,0.014776438185937931,0.01318613010701185,0.012181191613555695,0.01065235847401846,0.009053063904840156,0.007388515080690219,0.005787201296945796,0.004269783841893653,0.0029979476969780026,0.0020013308289634395,0.0012880447177358316,0.0008146868911898425,0.0005140958122319235,0.00032437293478814307,0.00020466551524890564,0.00012913521229051465],"log_Sigma_err":[0.4342944819032518,null,null,null,null,null,null,0.4342944819032518,0.4342944819032518,null,0.4342944819032517,0.3070925731856876,0.2507400360344115,0.16414788498337796,0.10533188361823557,0.10857362047581294,0.08517215530270575,0.06022580858281698,0.0522829116943651,0.043001561418483256,0.03683637717714367,0.032016613979546506,0.024469721945709993,0.02063395353297411,0.017344050959530316,0.01495789650541423,0.012994444684914596,0.012054437930272928,0.010901740697148323,0.010605173550186952,0.011311900321417791,0.014516863513512819,0.022953176592247514,0.07045186804359375,0.15354628659284383,0.43429448190325176],"surface_dens_err":[1.613298844943753,null,null,null,null,null,null,2.715456425517732e-5,0.010707186951743794,null,0.012668630896007754,0.011088442361588128,0.01101486967236368,0.0060383645616109,0.006786355344025997,0.0040713806052564,0.0024104956058387337,0.002845802836835968,0.0019461989395372864,0.0016220414880123099,0.0009394955371711351,0.000771649150275976,0.0005895251992659627,0.00038192024546347545,0.0002523456816998531,0.00015645589833700977,9.124091870587087e-5,4.650396952378029e-5,2.0670942162648327e-5,7.2623322906488695e-6,1.7849630494011294e-6,1.798486955136302e-7,9.041710939930504e-9,1.7859608631561457e-10,2.8447442131173296e-11,6.184635892165058e-12],"M_in":[0.004610486011713573,0.004610486011713573,0.004610486011713573,0.004610486011713573,0.004610486011713573,0.004610486011713573,0.004610486011713573,0.004612435293944761,0.005830603531462289,0.005830603531462289,0.00945104531859086,0.016553646462966656,0.030248956746282085,0.04842503716405746,0.09887872812819458,0.14541949988347597,0.2010899719451378,0.34840205328745816,0.5323282806320134,0.8277170163193854,1.1442609590245212,1.618350833271887,2.3694366076444964,3.283984450556067,4.423345932910203,5.7215340027229225,7.10270713637511,8.305412526680247,9.242285306553486,9.778544231826606,9.97438804559462,9.998757774365258,9.999985846897633,9.999998372413511,9.999999823255454,10.0],"log_r":[-1.354097276761121,-1.254097276761121,-1.154097276761121,-1.054097276761121,-0.954097276761121,-0.854097276761121,-0.7540972767611209,-0.6540972767611211,-0.554097276761121,-0.45409727676112105,-0.354097276761121,-0.2540972767611209,-0.15409727676112095,-0.05409727676112097,0.045902723238879006,0.14590272323887898,0.24590272323887907,0.34590272323887905,0.44590272323887903,0.545902723238879,0.645902723238879,0.7459027232388791,0.8459027232388792,0.9459027232388793,1.0459027232388791,1.145902723238879,1.245902723238879,1.3459027232388792,1.4459027232388793,1.5459027232388791,1.645902723238879,1.745902723238879,1.8459027232388792,1.9459027232388793,2.0459027232388793,2.145902723238879],"surface_dens":[1.613298844943753,0.0,0.0,0.0,0.0,0.0,0.0,2.715456425517732e-5,0.010707186951743794,0.0,0.012668630896007756,0.015681425573350283,0.019078313911283448,0.015976010955568,0.02798085989639406,0.0162855224210256,0.012291164131601365,0.02052137609614593,0.01616634255314628,0.016381816018408497,0.011076489026160891,0.010467158336739776,0.010463034339015406,0.008038491259896498,0.006318727807596824,0.0045426128790491856,0.0030494129205647803,0.0016754341818007517,0.0008234718075185657,0.00029740115281008363,6.852956450547571e-5,5.380452600271584e-6,1.7107719937563484e-7,1.1009402153594304e-9,8.046151695345813e-11,6.184635892165058e-12],"Gamma_max_err":[0.0,null,null,null,null,null,null,null,null,null,null,null,null,null,null,null,null,null,null,null,null,null,null,null,null,null,null,null,null,null,null,null,null,null,null,null],"Gamma_err":[null,null,null,null,null,null,null,null,null,null,null,2.5270255531642722,1.741109869627126,1.3912513120092824,0.984142263443728,0.926069087452407,0.6456686299603068,0.5421826724757998,0.40844136673124437,0.4318860643687622,0.43602167495161426,0.22540086960555109,0.27811972405850377,0.41521806497824965,0.456326841515894,0.5697445166561906,0.7717590975708563,1.008666556991881,1.329638032425285,1.9103986474339585,3.0816873410490166,4.602720676630847,6.531299874840952,5.933426050907403,4.545988857509292,9.126836918631279],"log_r_bins":[-1.404097276761121,-1.304097276761121,-1.204097276761121,-1.104097276761121,-1.004097276761121,-0.9040972767611211,-0.804097276761121,-0.704097276761121,-0.604097276761121,-0.504097276761121,-0.40409727676112106,-0.30409727676112097,-0.20409727676112088,-0.10409727676112102,-0.004097276761120927,0.09590272323887894,0.19590272323887903,0.2959027232388791,0.395902723238879,0.4959027232388791,0.5959027232388789,0.695902723238879,0.7959027232388791,0.8959027232388792,0.9959027232388793,1.095902723238879,1.195902723238879,1.2959027232388791,1.3959027232388792,1.4959027232388793,1.595902723238879,1.695902723238879,1.7959027232388791,1.8959027232388792,1.9959027232388793,2.095902723238879,2.195902723238879],"Gamma":[null,null,null,null,null,null,null,null,null,null,null,0.8890515363752846,0.04041404259976012,0.8316053330274511,0.04166672558196805,-1.7863401940237271,0.5020239249105205,0.5950937941486202,-0.4892221782400664,-0.821048276907024,-0.9726662516980397,-0.12372235458509284,-0.5732712494620512,-1.0951400151199067,-1.2393440801687976,-1.5820670576202382,-2.1658917814911165,-2.8428375044964156,-3.7539236196552292,-5.398853816238956,-8.712619189279096,-13.01342919970634,-18.44527536886774,-16.638019579393102,-11.252247997458099,-11.142740796185112],"mass_err":[0.004610486011713573,null,null,null,null,null,null,1.949282231187807e-6,0.0012181682375175286,null,0.00362044178712857,0.005022297433251458,0.007906991078707612,0.006869912656477804,0.012236817473376982,0.011635192938820345,0.010917877822051373,0.020428510106732994,0.022142115783721418,0.029247843086383767,0.026848906795974705,0.03495036922613041,0.042318889191804876,0.04345147930873987,0.04550171469983893,0.04471197218008383,0.04132582529457905,0.03338273471102417,0.02351755441983683,0.013095075363230404,0.005101068036143316,0.0008145901943637477,6.490565014823465e-5,2.0319069861686588e-6,5.12950087781741e-7,1.7674454647838487e-7],"Gamma_max":[-3.4194277276239076,2.0,2.0,2.0,2.0,2.0,2.0,1.9977096710307172,0.8677373298167725,2.0,-0.0760373002145589,-0.32529030181940755,-0.45366294481990943,-0.03415340419658808,-0.7653079377954324,0.26553970328811594,0.49966610973920744,-0.29145371190411185,0.12751842692838267,0.06595989565326033,0.5007903952521,0.41239874750306527,0.28210003241854564,0.49075840256358094,0.6040686613912973,0.7703583658044522,0.9461528071698102,1.215213582775799,1.4506429792963744,1.7027966106292198,1.8935913271304132,1.9867913608075527,1.9993344540246967,1.99999321188609,1.9999992137266813,1.9999999042145704],"log_r_units":"log arcmin",