{"surface_dens_mean":[0.4087329012223581,0.2578930259569444,0.1627194988177551,0.1026690628691987,0.06477979926821961,0.04087329012223582,0.025789302595694428,0.016406206382956014,0.013600003598660934,0.008581022155532178,0.01515143853301353,0.012069707473273822,0.015148573946973203,0.019282645003366038,0.017114088112210452,0.01654120744488318,0.016612626885241934,0.016974957129904322,0.015984325735955422,0.014401657841571804,0.012936507388812588,0.011863026395759415,0.010551526687678095,0.009021373562792609,0.007644648143265917,0.0061085145703927025,0.004698963866665175,0.0033983750939428903,0.0023402672705705604,0.0015371318080451262,0.0009809346975165703,0.0006199496079980827,0.00039124890978590906,0.0002468721294146933,0.00015576695850332825,9.828259045042434e-5,6.201227146956813e-5,3.912716050495378e-5,2.4687606770500055e-5,1.557684538234889e-5,9.828332411064098e-6,6.201261204323991e-6,3.912733134640816e-6,2.4687699687628716e-6,1.5576893506266717e-6,9.82836084226224e-7,6.201279062132845e-7,3.9127434455834195e-7,2.4687749048855066e-7,1.5576917527729656e-7,9.828371966365985e-8,6.20128386679212e-8,3.912745617682677e-8,2.4687756217293456e-8,1.5576921104037893e-8,9.828372862532505e-9,6.201284077247278e-9,3.912745733747239e-9,2.4687757205244716e-9,1.557692172739299e-9,9.828373210648037e-10,6.201284294141718e-10,3.912745870598378e-10,2.468775744138598e-10,1.5576921876388059e-10,9.828373262301215e-11,6.201284294141718e-11,3.9127458705983774e-11,2.4687757441385984e-11,1.557692198402568e-11,9.828373330215962e-12,6.201284366817938e-12],"log_Sigma_err":[0.4342944819032517,null,null,null,null,null,null,0.4342944819032517,0.43429448190325176,null,0.25074003603441153,0.4342944819032518,0.1641478849833779,0.11213435305073816,0.11213435305073816,0.07800159159079527,0.06701309342772285,0.0534579553015681,0.044095923673915856,0.038237497020393536,0.03134250450430144,0.025115898375519263,0.02068068961444056,0.01712690247854259,0.014310489725745845,0.012444019046351368,0.010898307618588267,0.009613085587280759,0.008734943055492219,0.008113757024840892,0.007925134567477411,0.008339489547852236,0.009966021710643962,0.013781918807397965,0.02338162892204382,0.03175875785664272,0.03853740355203491,0.03998004767334363,0.047105850393694255,0.057025659229377336,0.06081339136123863,0.07045186804359373,0.07045186804359375,0.06403322795909303,0.06268500900860288,0.06334836091040033,0.0792909614461434,0.09477082558206097,0.09055665942227742,0.13733597380570534,0.1309447131813527,0.17729997979489162,0.43429448190325176,0.30709257318568767,null,0.30709257318568767,0.43429448190325176,null,0.30709257318568767,null,0.4342944819032517,0.4342944819032518,null,null,null,null,null,null,null,0.4342944819032518,null,0.4342944819032518],"surface_dens_err":[1.1075492090383054,null,null,null,null,null,null,0.00036379670255569564,0.008802199793683926,null,0.015233369823397217,0.006800829155896935,0.007715220457991313,0.00680372757819067,0.003461537304069471,0.002794971987236556,0.002582225469486883,0.0021657256275944927,0.0014509935868083593,0.0010297532455672946,0.0007528300628924373,0.0005799157689644782,0.00039567797401838736,0.0002525983842510566,0.00017433915835956258,9.977593119655404e-5,5.744169894862422e-5,2.600281800684832e-5,1.0684112613148922e-5,3.063948519838172e-6,5.473902629905542e-7,5.315980045399154e-8,5.419202482984831e-9,9.249330940971969e-10,1.7146016458148715e-10,5.6266872246559025e-11,3.5872550784215365e-11,1.555898858719622e-11,1.101610251256764e-11,6.608277769456751e-12,2.812848424326758e-12,1.1805059228083838e-12,8.056208843901083e-13,9.031155339230117e-13,3.1563000757019984e-13,2.1661006635362903e-13,1.2885110797940758e-13,5.1808013872779846e-14,3.9032771449495896e-14,8.111895246237363e-15,1.1829338989507094e-14,4.317973981198857e-15,4.531635018143788e-16,7.121939412689162e-16,null,1.6775329185570176e-16,9.576823251635472e-17,null,1.202002075945526e-16,null,1.1477359949943058e-17,8.83121543622751e-18,null,null,null,null,null,null,null,2.916671661700228e-19,null,8.08169700324933e-20],"M_in":[0.004158703434676978,0.004158703434676978,0.004158703434676978,0.004158703434676978,0.004158703434676978,0.004158703434676978,0.004158703434676978,0.004193016038676109,0.005508804706771929,0.005508804706771929,0.015416018450949639,0.019463238192811892,0.03871596640934441,0.0781061010631012,0.10986822715971359,0.16830056011888578,0.2678900998982307,0.4338374505362275,0.6474595996244945,0.9245509342010242,1.3162409375337103,1.9129950658667636,2.6967063318133024,3.6541891172111916,4.907675671958083,6.215183668526487,7.57740427419933,8.685396819793368,9.479464664621691,9.868007313824123,9.980641351738667,9.99711626377484,9.999343635900784,9.999779328178832,9.999854779648514,9.999883671042546,9.999907729015892,9.999923670079168,9.999938852196776,9.999950775516952,9.999958318208325,9.9999626488763,9.999967332882209,9.999976489121794,9.999981669885972,9.999987245882366,9.999991445828346,9.999993685072818,9.999996483333861,9.999997091073066,9.999998564239245,9.999999193673778,9.999999236415286,9.999999386974796,9.999999386974796,9.999999476054953,9.99999953304728,9.99999953304728,9.999999787153406,9.999999787153406,9.999999830249402,9.999999882804566,9.999999882804566,9.999999882804566,9.999999882804566,9.999999882804566,9.999999882804566,9.999999882804566,9.999999882804566,9.999999951905268,9.999999951905268,9.999999999999998],"log_r":[-1.2948157597780197,-1.1948157597780198,-1.0948157597780197,-0.9948157597780196,-0.8948157597780197,-0.7948157597780197,-0.6948157597780196,-0.5948157597780197,-0.49481575977801967,-0.3948157597780197,-0.29481575977801966,-0.19481575977801957,-0.09481575977801959,0.005184240221980385,0.10518424022198036,0.20518424022198034,0.30518424022198043,0.4051842402219804,0.5051842402219804,0.6051842402219804,0.7051842402219803,0.8051842402219804,0.9051842402219805,1.0051842402219806,1.1051842402219805,1.2051842402219803,1.3051842402219804,1.4051842402219805,1.5051842402219806,1.6051842402219805,1.7051842402219803,1.8051842402219804,1.9051842402219805,2.005184240221981,2.1051842402219805,2.20518424022198,2.3051842402219807,2.4051842402219803,2.505184240221981,2.6051842402219805,2.7051842402219806,2.8051842402219807,2.9051842402219803,3.0051842402219804,3.1051842402219805,3.2051842402219806,3.3051842402219807,3.4051842402219807,3.505184240221981,3.6051842402219805,3.7051842402219806,3.8051842402219807,3.9051842402219807,4.005184240221981,4.1051842402219805,4.20518424022198,4.305184240221981,4.405184240221981,4.505184240221981,4.6051842402219805,4.70518424022198,4.805184240221981,4.905184240221981,5.005184240221981,5.1051842402219805,5.20518424022198,5.305184240221981,5.405184240221981,5.505184240221981,5.6051842402219805,5.70518424022198,5.805184240221981],