{"surface_dens_mean":[0.13220398763369623,0.08341507696704929,0.052631355452740336,0.033225676261091075,0.025909788360901603,0.016347971260238285,0.01616715214677127,0.017350716923367843,0.020875955110211928,0.0187748239596873,0.021818952242601466,0.022125594348400057,0.01831779744153264,0.018948580048336258,0.019890371618229312,0.018442382087321366,0.017025530931881,0.015053454848779376,0.013633786516493782,0.01202555540619336,0.010175559354849525,0.008491752810129297,0.0066438887963664,0.004999831554167393,0.0035295468334564355,0.0023794744583601813,0.0015392147757440709,0.0009757039805150002,0.0006157676032194016,0.0003885252175950234,0.0002451429378709827,0.00015467473943633463],"log_Sigma_err":[0.4342944819032518,null,null,0.4342944819032518,0.43429448190325176,null,0.43429448190325176,0.3070925731856878,0.2507400360344114,0.21714724095162588,0.12045161716563402,0.10857362047581295,0.09711119837887232,0.06701309342772284,0.055155454357194905,0.04825494243369464,0.039159014683578686,0.033211329093923304,0.027522294505105467,0.022426870610147635,0.018671778154930475,0.015774285921124613,0.014060803012413373,0.012433814846975321,0.011627790743346278,0.01105250355585021,0.011165157333240635,0.013505915926051104,0.021580266306416077,0.04917416679147776,0.13094471318135267,0.4342944819032517],"surface_dens_err":[0.358234978142251,null,null,4.7517510441145494e-5,0.013401713391853521,null,0.015858003201634528,0.013699680547628082,0.015532514169870122,0.007591245450974095,0.007494981628750878,0.0056624661519781025,0.0026402494016491136,0.0030902390248633044,0.002730574577282222,0.0017740815901859427,0.0013167190658474656,0.0008933272048987982,0.0007101868765201188,0.0004790075015314699,0.0003014950273044994,0.0002038706317153051,0.00011281712162925853,6.266985971285975e-5,2.7196488740361928e-5,1.0515148394983893e-5,2.6380017478253363e-6,3.8132264369263767e-7,1.8851984360429705e-8,6.522422207016963e-10,8.03231727172652e-11,6.338526876648668e-12],"M_in":[0.005392934700975103,0.005392934700975103,0.005392934700975103,0.005395782509937049,0.006668750548142438,0.006668750548142438,0.010452354538102051,0.017778619337829434,0.03390212815437019,0.04832328841457416,0.0890050192843447,0.14304594550493557,0.1876954994187421,0.3077211010229638,0.5119452339177957,0.7523113644872164,1.1007311855785495,1.5424702313897434,2.214099308373174,3.095178860194233,4.1508677709970225,5.490070868116485,6.807740011848498,8.11962514791623,9.084469179156178,9.706477547507689,9.95130026630898,9.997667377431975,9.999941122426387,9.999995838305692,9.999999848767368,10.0],"log_r":[-0.993284632889119,-0.8932846328891191,-0.793284632889119,-0.6932846328891189,-0.593284632889119,-0.49328463288911895,-0.3932846328891189,-0.29328463288911893,-0.19328463288911896,-0.09328463288911898,0.006715367110881054,0.10671536711088114,0.20671536711088112,0.3067153671108811,0.4067153671108811,0.506715367110881,0.6067153671108811,0.7067153671108811,0.8067153671108811,0.9067153671108811,1.006715367110881,1.1067153671108811,1.2067153671108812,1.3067153671108813,1.4067153671108812,1.506715367110881,1.6067153671108811,1.7067153671108812,1.8067153671108813,1.9067153671108812,2.006715367110881,2.106715367110881],"surface_dens":[0.358234978142251,0.0,0.0,4.7517510441145494e-5,0.013401713391853521,0.0,0.015858003201634528,0.0193742740306345,0.026903103711498576,0.01518249090194819,0.027023540571121895,0.02264986460791241,0.011807554279281127,0.02002703781623984,0.02150056572209669,0.015966734311673485,0.014603120868466622,0.011681769029008544,0.011206559886770303,0.009275940380699033,0.007012595457869603,0.005612925416643817,0.003484570073596772,0.002188964094279304,0.0010157806627060111,0.00041317977427097514,0.00010261114717307362,1.2261761504159812e-5,3.7938886686615337e-7,5.760447320160013e-9,2.6640182587408025e-10,6.338526876648669e-12],"Gamma_max_err":[0.0,null,null,null,null,null,null,null,null,null,null,null,null,null,null,null,null,null,null,null,null,null,null,null,null,null,null,null,null,null,null,null],"Gamma_err":[null,null,null,null,null,null,null,2.5400252751029893,1.8898423103169006,1.3908596993577695,1.2521341501582623,1.0012692640902363,0.6449047171240886,0.7235600420235446,0.44804099682406384,0.4501035794187256,0.3786025945419202,0.3139770857929992,0.2673820490486342,0.3964657200856558,0.40931311623346595,0.5494951995987729,0.7298716571449764,0.9507597708358099,1.2827390956248423,1.7618429968354319,2.701825833305126,4.301119697720951,5.888821883194029,5.614089117416386,5.668104434570913,12.343879725710291],"log_r_bins":[-1.043284632889119,-0.943284632889119,-0.843284632889119,-0.743284632889119,-0.643284632889119,-0.543284632889119,-0.4432846328891189,-0.3432846328891189,-0.24328463288911895,-0.14328463288911897,-0.04328463288911899,0.0567153671108811,0.1567153671108812,0.25671536711088105,0.35671536711088114,0.456715367110881,0.5567153671108811,0.6567153671108812,0.756715367110881,0.8567153671108811,0.956715367110881,1.056715367110881,1.1567153671108812,1.2567153671108813,1.3567153671108814,1.456715367110881,1.556715367110881,1.6567153671108812,1.7567153671108813,1.8567153671108814,1.956715367110881,2.056715367110881,2.1567153671108814],"Gamma":[null,null,null,null,null,null,null,1.1477694232143278,-0.5294120429016159,0.00969931491403453,0.8686129038383988,-1.797911490595408,-0.26724446216056413,1.3014496825152524,-0.49200309620410565,-0.8400210368656998,-0.6785374174341294,-0.5748668176731165,-0.5007533326077164,-1.0179676511391502,-1.0908433859307527,-1.5186479180154286,-2.0447531678993385,-2.6767463075407654,-3.620497919106605,-4.978026989964507,-7.637930946804166,-12.160549802807395,-16.64048327684482,-15.767736926570775,-14.792339365744999,-16.23548860925505],"mass_err":[0.005392934700975103,null,null,2.8478089619467167e-6,0.0012729680382053885,null,0.003783603989959613,0.005180451520655537,0.009308912155511107,0.007210580130101987,0.011283082048121847,0.01351023155514772,0.009983943771631322,0.018520352408746832,0.025936490814147426,0.026707347841046742,0.031415957279431445,0.033780629124685574,0.04256276334417716,0.045498752411824724,0.04538761132019412,0.048642046907526784,0.042661113685710204,0.037559162186175256,0.025832712508937785,0.01582969618413238,0.006294079911374717,0.00144194856406337,0.00011298329713339448,6.1953533540425185e-6,1.2091996925753725e-6,1.5123263172555273e-7],"Gamma_max":[-3.419427727623911,2.0,2.0,1.9971397114648475,0.9655096209062843,2.0,0.03824408186799699,-0.23325342880112832,-0.5774249436221806,0.38267555162726996,-0.4770704175573086,-0.047390388819115614,0.71081069468435,-0.1138299297522587,-0.16190688990362068,0.26847375397886597,0.2845620583706223,0.44796172754246233,0.3560605304750939,0.4572953069723882,0.6216786294843828,0.6780290142340228,0.9510450338956564,1.1243848635441378,1.4244129852152883,1.6527134192852664,1.8666707872220492,1.9748658163766273,1.9987677530780035,1.9999703471123145,1.999997826559246,1.9999999180405683],"log_r_units":"log arcmin","mass":[0.005392934700975103,0.0,0.0,2.8478089619467167e-6,0.0012729680382053885,0.0,0.003783603989959613,0.007326264799727383,0.01612350881654075,0.014421160260203974,0.04068173086977056,0.05404092622059088,0.044649553913806546,0.12002560160422165,0.20422413289483185,0.2403661305694207,0.3484198210913331,0.4417390458111938,0.6716290769834309,0.8810795518210586,1.0556889108027896,1.3392030971194622,1.3176691437320132,1.3118851360677308,0.9648440312399491,0.6220083683515103,0.24482271880129133,0.04636711112299498,0.0022737449944109445,5.471587930530569e-5,4.010461676885609e-6,1.5123263172555273e-7],