{"surface_dens_mean":[0.10626052588542594,0.06704585923573722,0.08460615460354716,0.05338287463533481,0.05052347523094487,0.03187815776562778,0.033522929617868596,0.02961215411124151,0.03736801224473435,0.038734664343724405,0.03294076302448204,0.034863846802583316,0.03384246184141887,0.03256355352755421,0.03351390523652676,0.033684586705680024,0.03164564555926793,0.029865972575052153,0.02842638074331576,0.026356412912142906,0.023196672800788475,0.019818755990083904,0.016164005837007667,0.012328774897030555,0.008969600969333746,0.006208802527485436,0.004239980138068018,0.002828383748396579,0.0018579909516828251,0.0011972379513892903,0.000760187802184337,0.00047964607697246364,0.0003027208211714915],"log_Sigma_err":[0.4342944819032518,null,0.4342944819032518,null,0.43429448190325176,null,0.3070925731856876,0.30709257318568767,0.1641478849833779,0.14476482730108395,0.1535462865928438,0.094770825582061,0.08207394249168895,0.06701309342772285,0.049492449510934365,0.03998004767334363,0.034883372230038845,0.02839071843423525,0.02292118608667742,0.01942223967577447,0.017469886110984437,0.015620486805337503,0.014766455385017219,0.015373858007657558,0.016333325025277283,0.019100249474892254,0.019802123881322818,0.022826011200490125,0.02618894263627053,0.035698786508599714,0.06474079891924821,null,0.30709257318568767],"surface_dens_err":[0.28793562016768753,null,0.11462923504652467,null,0.04563472042708376,null,0.02569273822793855,0.016211021884724862,0.019135702667743965,0.01369041612812513,0.008144049182629032,0.008325398714367032,0.006065608978213486,0.004687270740558749,0.004004430465762561,0.0031277814374791935,0.0022618366832692937,0.0017534901189913334,0.0013703850702589328,0.0010204233700915764,0.0007157966010069816,0.0005051090400017436,0.00033713469446437777,0.00020431339479110632,0.00012134031027980273,6.546974747455376e-5,3.9844458816085636e-5,2.1809699385597217e-5,1.1993936388369811e-5,5.551703349890011e-6,1.9315308595155257e-6,null,1.6211021884724837e-7],"M_in":[0.0013974287311347118,0.0013974287311347118,0.0027948574622694237,0.0027948574622694237,0.0041922861934041355,0.0041922861934041355,0.006987143655673559,0.009782001117942984,0.019564002235885964,0.03214086081609838,0.04332029066517607,0.07266629401900501,0.11179429849077695,0.17048630519843486,0.27808831749580765,0.4429849077697037,0.659586361095584,0.9865846841811066,1.488261598658468,2.186975964225824,3.050586920067076,4.1307993292342085,5.339575181665734,6.454723309111234,7.442705422023475,8.16517607602012,8.837339295695918,9.343208496366683,9.72750139742873,9.934320849636668,9.99720514253773,9.99720514253773,10.0],"log_r":[-1.239096082750206,-1.1390960827502061,-1.039096082750206,-0.939096082750206,-0.8390960827502061,-0.739096082750206,-0.6390960827502059,-0.539096082750206,-0.439096082750206,-0.33909608275020603,-0.239096082750206,-0.1390960827502059,-0.03909608275020593,0.06090391724979405,0.16090391724979403,0.260903917249794,0.3609039172497941,0.46090391724979407,0.560903917249794,0.660903917249794,0.760903917249794,0.8609039172497941,0.9609039172497942,1.0609039172497943,1.1609039172497941,1.260903917249794,1.360903917249794,1.4609039172497942,1.5609039172497943,1.6609039172497941,1.760903917249794,1.860903917249794,1.9609039172497942],"surface_dens":[0.28793562016768753,0.0,0.11462923504652467,0.0,0.04563472042708376,0.0,0.036335018856452385,0.022925847009304955,0.05062831042132579,0.04107124838437539,0.023034849613415,0.038151769799274954,0.03209618581302697,0.030376986252795436,0.03513873472885453,0.03397640317978715,0.028159639613750544,0.02682324100088683,0.02596509063036561,0.022817360213541905,0.017794421326363087,0.014043484788018833,0.00991542883152437,0.00577162738803113,0.003226374734194829,0.0014886271562669444,0.000873857203497679,0.00041495783086841875,0.0001988969337980652,6.753938623208412e-5,1.2957102907545937e-5,0.0,2.292584700930492e-7],"Gamma_max_err":[6.354770135361431e-16,null,null,null,null,null,null,null,null,null,null,null,null,null,null,null,null,null,null,null,null,null,null,null,null,null,null,null,null,null,null,null,null],"Gamma_err":[null,null,null,null,null,null,null,1.7595796857892474,1.755543191371784,1.276148294796516,0.8669854437939922,0.9070149438948749,0.6061486367229184,0.48422663070133287,0.3995247660330331,0.34720930380617887,0.3050401365797159,0.21779797976625095,0.21213593940556025,0.3239183542660886,0.3929154779443026,0.46330310178478484,0.6914098127089076,0.8689597613023293,1.0475509897659245,1.0109886665282197,0.9919516867283822,1.1481393068845627,1.4098003898396152,2.1256608793078846,null,null,null],"log_r_bins":[-1.289096082750206,-1.189096082750206,-1.089096082750206,-0.989096082750206,-0.889096082750206,-0.789096082750206,-0.689096082750206,-0.589096082750206,-0.489096082750206,-0.389096082750206,-0.28909608275020604,-0.18909608275020595,-0.08909608275020586,0.010903917249794004,0.11090391724979409,0.21090391724979396,0.31090391724979405,0.41090391724979414,0.510903917249794,0.6109039172497941,0.710903917249794,0.810903917249794,0.9109039172497941,1.0109039172497942,1.1109039172497943,1.210903917249794,1.310903917249794,1.4109039172497941,1.5109039172497942,1.6109039172497943,1.710903917249794,1.810903917249794,1.9109039172497941,2.0109039172497942],"Gamma":[null,null,null,null,null,null,null,0.720340221751378,1.266062568876718,-1.7100402651115687,-0.16011607352703117,0.7203402217513841,-0.4948500216800945,0.19666346915131255,0.24316358454112624,-0.48079513501095833,-0.5133307494799075,-0.17618624795986196,-0.35122926537062066,-0.820529867447515,-1.0539525520884747,-1.2698618381200089,-1.9308830128379777,-2.4379834683395645,-2.9425617412839373,-2.836371687115347,-2.7739098628038823,-3.2140619127178445,-3.942234275691031,-5.9306009002746,null,null,null],"mass_err":[0.0013974287311347118,null,0.0013974287311347118,null,0.0013974287311347118,null,0.0019762626640205346,0.0019762626640205346,0.0036972488975189908,0.0041922861934041355,0.003952525328041069,0.00640382293873091,0.0073944977950379815,0.009056373250989182,0.012262387349625656,0.01517996155841282,0.017397847397971955,0.0213765491067333,0.026477494859553405,0.031247456365284924,0.03473952737466755,0.03885253989507502,0.04109961198952695,0.03947581579604676,0.037156891560392195,0.03177422303214665,0.030648004750504897,0.026587894900000623,0.023173733862181377,0.017000454249016823,0.009374236909585477,null,0.0019762626640205346],"Gamma_max":[-3.419427727623906,2.0,-0.7097138638119542,2.0,0.19352409079202948,2.0,-0.16777109104956445,0.45159207782173927,-0.7097138638119556,-0.12064563254848748,0.6014380057744761,-0.18861504384811667,0.10320029533162844,0.1342953724573439,-0.09696449762332504,-0.01732640965180199,0.22031504707265825,0.2037590817790409,0.1731694326601112,0.2685534416537003,0.46577813299515625,0.5828086490347493,0.773147085999822,1.0637143696376101,1.280597934016126,1.5204784981719048,1.587801274986227,1.7065760039784843,1.7859010738260919,1.887174665397617,1.9659107844921617,2.0,1.998485347197422],"log_r_units":"log arcmin","mass":[0.0013974287311347118,0.0,0.0013974287311347118,0.0,0.0013974287311347118,0.0,0.0027948574622694237,0.0027948574622694237,0.009782001117942984,0.012576858580212407,0.011179429849077695,0.029346003353828948,0.039128004471771935,0.058692006707657896,0.10760201229737282,0.164896590273896,0.21660145332588035,0.32699832308552257,0.5016769144773615,0.6987143655673559,0.8636109558412519,1.0802124091671323,1.2087758524315257,1.1151481274455,0.9879821129122413,0.722470653996646,0.6721632196757964,0.5058692006707657,0.3842929010620458,0.20681945220793735,0.06288429290106204,0.0,0.0027948574622694237],