{"r_s":42.05516962087021,"Sigma_err":[0.00017506623147753582,0.00011045932452122091,9.856378686686436e-5,5.385772601329031e-5,2.7746127849856805e-5,3.0322360760870577e-5,3.0250531863528073e-5,2.2039532755410978e-5,1.7312836681780566e-5,1.2562593688622695e-5,1.0648863131520686e-5,7.926947787419467e-6,6.349527804362873e-6,4.643439771135722e-6,3.659965631736788e-6,2.714938045260136e-6,1.935403717243793e-6,1.3710644353119772e-6,8.996013826795815e-7,5.703162416625567e-7,3.291524500930268e-7,1.7811030899860704e-7,1.0853211206303493e-7,5.9487802738154716e-8,3.2946701367989035e-8,1.531204161236044e-8,5.467457618996845e-9,4.92818934334321e-10,4.3974649146393663e-10,3.398192778508754e-10,2.144114691559646e-10],"Gamma":[-1.9999999999999973,-0.4948500216800933,-1.119543704721595,-3.505149978319904,-0.4948500216800955,2.3753063169584956,0.6143937264016897,-0.4236478261070407,-0.4412306947212309,-0.11064987051648603,0.000266839927185458,-0.2456181584546036,-0.3226618082850586,-0.39264422046736824,-0.3307989333716455,-0.7670543640270691,-0.9670205784546895,-1.3272145657395387,-1.8094212586660003,-2.366530220981802,-3.054266826574476,-2.8183883759731763,-2.7626112912019414,-3.177463151414508,-3.893948272884052,-5.800265141454254,-12.923457154087988,-8.945830421822652,0.3856062735983206,-1.1195437047215941,-2.000000000000009],"Sigma":[0.0002475810388690787,0.00015621307482848156,0.00019712757373372875,9.32843178351428e-5,3.923895030860533e-5,7.427431166072362e-5,0.00011715980612136104,9.856378686686439e-5,9.639379509631422e-5,8.043984813264091e-5,9.160498438155907e-5,8.044973353666786e-5,8.180794309949746e-5,6.934134292412275e-5,6.827577353697337e-5,5.954323984801337e-5,4.795741397234374e-5,3.814418551747657e-5,2.6026324676004785e-5,1.6578456505385766e-5,8.75198972402193e-6,4.061539945540512e-6,2.3901718315214576e-6,1.1380686775887387e-6,5.532691993513367e-7,1.893994947348451e-7,3.827220333297792e-8,4.92818934334321e-10,6.218954522342835e-10,5.885842546290814e-10,3.713715583036179e-10],"log_r":[-0.055974070654064206,0.0440259293459358,0.1440259293459358,0.2440259293459358,0.3440259293459358,0.4440259293459358,0.5440259293459359,0.6440259293459358,0.7440259293459359,0.8440259293459358,0.9440259293459359,1.044025929345936,1.1440259293459358,1.244025929345936,1.344025929345936,1.4440259293459359,1.544025929345936,1.6440259293459358,1.744025929345936,1.844025929345936,1.9440259293459359,2.0440259293459357,2.1440259293459363,2.244025929345936,2.344025929345936,2.444025929345936,2.5440259293459357,2.6440259293459363,2.744025929345936,2.844025929345936,2.944025929345936],"log_Sigma_0_err":0.03877964014701714,"log_Sigma_0":-4.0344680766025816,"Gamma_err":[4.567402949287635,1.8886711960959113,2.021406099168681,2.252160932367459,1.5453982595563427,1.8377320407014532,1.0338431450304544,0.6992093539783151,0.6124600552968289,0.4662154002255009,0.4009821434106672,0.3157001408546151,0.28273340359313315,0.2474393914002787,0.21124962396955457,0.3078568984220476,0.3643985616412875,0.4832189002182934,0.6487857876162937,0.8440149061149244,1.0866077161331225,1.0046421351956134,0.9879037533943265,1.1351110771078967,1.3925000399874148,2.078060590233186,5.061924479061723,3.5294988188558887,2.5111039587865758,2.0214060991686793,3.8176056808040792],"r_s_err":1.5105494776144786}